{
  "metadata": {
    "total_samples": 154,
    "reduction_method": "UMAP+DensMAP"
  },
  "clusters": {
    "Mudskipper": [
      0,
      1,
      2,
      3,
      4,
      5,
      6,
      7,
      97,
      98,
      65,
      96,
      99,
      43
    ],
    "Narwhal": [
      108,
      109,
      110,
      111,
      112,
      113,
      100,
      104,
      105,
      106,
      107,
      102,
      101,
      103
    ],
    "abalone": [
      15,
      16,
      17,
      18,
      19,
      20,
      21,
      22,
      23,
      24,
      25,
      28,
      26,
      27
    ],
    "anglerfish": [
      37,
      38,
      39,
      40,
      41,
      42,
      30
    ],
    "Lionfish": [
      54,
      57,
      58,
      59,
      60,
      61,
      64,
      51,
      53,
      52,
      63,
      55,
      56
    ],
    "sea cucumber": [
      142,
      143,
      136,
      140,
      141,
      135,
      137,
      138,
      139
    ],
    "sailfish": [
      47,
      48,
      49,
      50,
      13,
      12,
      14,
      10,
      11
    ],
    "isopod": [
      71,
      72,
      73,
      74,
      75,
      76,
      77,
      78,
      67,
      69,
      68,
      81,
      80,
      70,
      82
    ],
    "sword fish": [
      8,
      9,
      45,
      46,
      44
    ],
    "krill": [
      83,
      84,
      85,
      86,
      87,
      88,
      89,
      90,
      91,
      92,
      93,
      94,
      95
    ],
    "seasnake": [
      144,
      146,
      147,
      152,
      151,
      150,
      149,
      148,
      66,
      153,
      145
    ],
    "sea anemone": [
      114,
      115,
      116,
      117,
      118,
      119,
      120,
      121,
      126,
      127,
      124,
      125,
      122
    ]
  },
  "cluster_info": {
    "cluster_2": {
      "size": 18,
      "avg_confidence": 0.7043179400663798
    },
    "cluster_8": {
      "size": 13,
      "avg_confidence": 0.6884321791244422
    },
    "cluster_9": {
      "size": 3,
      "avg_confidence": 0.9096452717304209
    },
    "cluster_7": {
      "size": 18,
      "avg_confidence": 0.6398314505451955
    },
    "cluster_6": {
      "size": 9,
      "avg_confidence": 0.8422231861212365
    },
    "cluster_5": {
      "size": 7,
      "avg_confidence": 0.8120029756728986
    },
    "cluster_4": {
      "size": 13,
      "avg_confidence": 0.7578989716856893
    },
    "cluster_0": {
      "size": 5,
      "avg_confidence": 0.6989042971058397
    },
    "cluster_3": {
      "size": 13,
      "avg_confidence": 0.7343000438624293
    },
    "cluster_1": {
      "size": 8,
      "avg_confidence": 0.7708964712098011
    },
    "Mudskipper": {
      "size": 14,
      "name": "Mudskipper"
    },
    "Narwhal": {
      "size": 14,
      "name": "Narwhal"
    },
    "trial": {
      "size": 3,
      "name": "trial"
    },
    "abalone": {
      "size": 14,
      "name": "abalone"
    },
    "Lionfish": {
      "size": 13,
      "name": "Lionfish"
    },
    "sea anemone": {
      "size": 13,
      "name": "sea anemone"
    },
    "sea cucumber": {
      "size": 9,
      "name": "sea cucumber"
    },
    "sailfish": {
      "size": 9,
      "name": "sailfish"
    },
    "sword fish": {
      "size": 5,
      "name": "sword fish"
    },
    "isopod": {
      "size": 15,
      "name": "isopod"
    },
    "seasnake": {
      "size": 11,
      "name": "seasnake"
    },
    "krill": {
      "size": 13,
      "name": "krill"
    }
  }
}