{
  "metadata": {
    "total_samples": 154,
    "reduction_method": "UMAP+DensMAP"
  },
  "clusters": {
    "cluster_8": [
      15,
      16,
      17,
      18,
      19,
      20,
      21,
      22,
      23,
      24,
      82,
      140,
      141
    ],
    "cluster_9": [
      25,
      28,
      64,
      65,
      67,
      68,
      69,
      96
    ],
    "cluster_6": [
      30,
      31,
      32,
      33,
      34,
      35,
      36,
      62,
      104,
      105,
      106,
      107,
      123,
      134
    ],
    "cluster_5": [
      37,
      38,
      39,
      40,
      41,
      42,
      43,
      44,
      45,
      46,
      47,
      48,
      49,
      99,
      124,
      125
    ],
    "cluster_4": [
      50,
      51,
      53,
      71,
      72,
      73,
      74,
      75,
      76,
      77,
      78,
      100
    ],
    "cluster_0": [
      52,
      98,
      122,
      142,
      143,
      144,
      145,
      146,
      147,
      148,
      149,
      150,
      151,
      152,
      153
    ],
    "cluster_3": [
      54,
      55,
      56,
      57,
      58,
      59,
      60,
      61,
      95,
      135,
      137,
      138,
      139
    ],
    "cluster_11": [
      80,
      81,
      128,
      129,
      130
    ],
    "cluster_10": [
      97,
      126,
      127,
      131,
      132,
      133
    ],
    "cluster_1": [
      108,
      109,
      110,
      111,
      112,
      113,
      114,
      115,
      116,
      117,
      118,
      119,
      120,
      121
    ],
    "Mudskipper": [
      0,
      1,
      2,
      3,
      4,
      5,
      6,
      7,
      8,
      9,
      10,
      11,
      12,
      13,
      14,
      66,
      102,
      136
    ],
    "blah": [
      26,
      27,
      63,
      70,
      83,
      84,
      85,
      86,
      87,
      88,
      89,
      90,
      91,
      92,
      93,
      94,
      101,
      103
    ]
  },
  "cluster_info": {
    "cluster_2": {
      "size": 18,
      "avg_confidence": 0.7043179400663798
    },
    "cluster_8": {
      "size": 13,
      "avg_confidence": 0.6884321791244422
    },
    "cluster_9": {
      "size": 8,
      "avg_confidence": 0.9096452717304209
    },
    "cluster_7": {
      "size": 18,
      "avg_confidence": 0.6398314505451955
    },
    "cluster_6": {
      "size": 14,
      "avg_confidence": 0.8422231861212365
    },
    "cluster_5": {
      "size": 16,
      "avg_confidence": 0.8120029756728986
    },
    "cluster_4": {
      "size": 12,
      "avg_confidence": 0.7578989716856893
    },
    "cluster_0": {
      "size": 15,
      "avg_confidence": 0.6989042971058397
    },
    "cluster_3": {
      "size": 13,
      "avg_confidence": 0.7343000438624293
    },
    "cluster_11": {
      "size": 5,
      "avg_confidence": 1.0
    },
    "cluster_10": {
      "size": 6,
      "avg_confidence": 0.9823702857694284
    },
    "cluster_1": {
      "size": 14,
      "avg_confidence": 0.7708964712098011
    }
  }
}